{
    "poly_xD": {
        "R2_Score": -53.84280982929785,
        "MSE": 0.22735324098310825,
        "MAE": 0.41267932243891364,
        "Bounds_Violations": 77
    },
    "poly_QR": {
        "R2_Score": 0.7416731299708808,
        "MSE": 24979406362.629864,
        "MAE": 145085.40500773612
    },
    "xgb_xD": {
        "R2_Score": -0.8012080192565918,
        "MSE": 0.00746698584407568,
        "MAE": 0.06173202767968178,
        "Bounds_Violations": 0
    },
    "xgb_QR": {
        "R2_Score": 0.8816368579864502,
        "MSE": 11445347328.0,
        "MAE": 84370.9609375
    },
    "ann_xD": {
        "R2_Score": -0.41418981552124023,
        "MSE": 0.0058625852689146996,
        "MAE": 0.05884235352277756,
        "Bounds_Violations": 0
    },
    "ann_QR": {
        "R2_Score": 0.9509603977203369,
        "MSE": 4741976576.0,
        "MAE": 57088.1328125
    }
}