{
    "poly_xD": {
        "R2_Score": 0.9799478549050952,
        "MSE": 7.89195179292077e-05
    },
    "poly_QR": {
        "R2_Score": 0.9648577649529517,
        "MSE": 2945656110.6527796
    },
    "xgb_xD": {
        "R2_Score": 0.9999756217002869,
        "MSE": 9.602096184835318e-08
    },
    "xgb_QR": {
        "R2_Score": 0.9910660982131958,
        "MSE": 748849984.0
    },
    "ann_xD": {
        "R2_Score": 0.9996940493583679,
        "MSE": 1.2041499530823785e-06
    },
    "ann_QR": {
        "R2_Score": 0.9877877235412598,
        "MSE": 1023647104.0
    }
}