{
    "poly_xD": {
        "R2_Score": -4802145.526313956,
        "MSE": 19907.506195096623,
        "MAE": 100.70111242183846,
        "Bounds_Violations": 98
    },
    "poly_QR": {
        "R2_Score": -4985519.59890549,
        "MSE": 4.8208436449249024e+17,
        "MAE": 492063910.4688458
    },
    "xgb_xD": {
        "R2_Score": -0.7132927179336548,
        "MSE": 0.007102529052644968,
        "MAE": 0.06051040068268776,
        "Bounds_Violations": 0
    },
    "xgb_QR": {
        "R2_Score": 0.8519737720489502,
        "MSE": 14313678848.0,
        "MAE": 96876.296875
    },
    "ann_xD": {
        "R2_Score": 0.8363785743713379,
        "MSE": 0.0006782998098060489,
        "MAE": 0.02220793068408966,
        "Bounds_Violations": 0
    },
    "ann_QR": {
        "R2_Score": 0.14556336402893066,
        "MSE": 82621366272.0,
        "MAE": 225924.484375
    }
}